<?xml version="1.0" encoding="utf-8"?>
<items version="2" >

    <item
        jar="F:\Projects\PatientTracker\android\PatientTracker\app\build\intermediates\exploded-aar\com.android.support\support-v4\21.0.3\libs\internal_impl-21.0.3.jar"
        jumboMode="false"
        revision="21.1.2"
        sha1="01ec05bfbafcc07646ba813000bf2ef11742dd03">
        <dex dex="F:\Projects\PatientTracker\android\PatientTracker\app\build\intermediates\pre-dexed\debug\internal_impl-21.0.3-d313b2edbd1773cecc218876026ac58adacf4c00.jar" />
    </item>
    <item
        jar="F:\Projects\PatientTracker\android\PatientTracker\app\build\intermediates\exploded-aar\com.android.support\appcompat-v7\21.0.3\classes.jar"
        jumboMode="false"
        revision="21.1.2"
        sha1="81d42bf983a8741f4888a6e333e454e4a5e0eeb7">
        <dex dex="F:\Projects\PatientTracker\android\PatientTracker\app\build\intermediates\pre-dexed\debug\classes-e40d81fdd6dd287856abf091980b76fe774415ad.jar" />
    </item>
    <item
        jar="F:\Projects\PatientTracker\android\PatientTracker\app\build\intermediates\exploded-aar\com.android.support\support-v4\21.0.3\classes.jar"
        jumboMode="false"
        revision="21.1.2"
        sha1="2c91c949a45a21cdecf26e03951e46c7beec9ad8">
        <dex dex="F:\Projects\PatientTracker\android\PatientTracker\app\build\intermediates\pre-dexed\debug\classes-2b3c7bb1df7266b6eb969c81b3c1dcab48aaca37.jar" />
    </item>
    <item
        jar="C:\Users\wuxing\AppData\Local\Android\sdk\extras\android\m2repository\com\android\support\support-annotations\21.0.3\support-annotations-21.0.3.jar"
        jumboMode="false"
        revision="21.1.2"
        sha1="4b74cefe1f0c1b819e7260c8627a14674e37fd35">
        <dex dex="F:\Projects\PatientTracker\android\PatientTracker\app\build\intermediates\pre-dexed\debug\support-annotations-21.0.3-2b29e75f87d1bcf16e56e876550a63002755b8ad.jar" />
    </item>

</items>
